url	dest	fetched_at	sha256	bytes
https://ftmo.com/en/trading-objectives/	ftmo/2026-08-22-trading-objectives.html	2026-08-22T10:23:50.655325+00:00	1c817a84377ffe7cffd148aa5e7cfffe6d3feb97c25f08ddad1c8e7e545d4d48	276370
https://ftmo.com/en/faq/	ftmo/2026-08-22-faq.html	2026-08-22T10:23:50.782378+00:00	de77370e434178c9bf2e85da9c8a082b12cb991668f4e91a2fa7181811001b20	412233
https://help.fundednext.com/en/articles/8020763-is-ea-allowed-in-fundednext	fundednext/2026-08-22-ea-policy.html	2026-08-22T10:23:51.400491+00:00	b27fa85e88823438d4f30bfef9c191913ed05523a0bc32cc9b8e7c2f0e33f12d	113018
https://fundednext.com/rules	fundednext/2026-08-22-rules.html	2026-08-22T10:23:52.087365+00:00	d9e1934fd38b26e658512508e647658ccee3f018b516dd2cb9448abaff49fcd8	110363
https://the5ers.com/challenge-programs-bootcamp-high-stakes-hyper-growth-explained	the5ers/2026-08-22-challenge-programs.html	2026-08-22T10:23:52.315038+00:00	f5321296a259f6871a142e4975ab79d9780373a51c107ffce12473b24b7470a5	202766
https://alphacapitalgroup.uk/posts/alpha-capital-rules-explained-drawdown-profit-targets-daily-loss-and-evaluation-rules-2026	alpha-capital/2026-08-22-rules-explained.html	2026-08-22T10:23:52.556069+00:00	a875568786f9e12d51c91d55607e793fab5f78758d807abe301eb89fd99b1548	61114
https://alphacapitalgroup.uk/terms-and-conditions	alpha-capital/2026-08-22-terms-and-conditions.html	2026-08-22T10:23:52.656169+00:00	7f8bfa39e97aa0b54b7f5c53defbc4cf339c4fc796d98c1b41876271e09f99df	179938
https://www.e8markets.com/	e8/2026-08-22-home.html	2026-08-22T10:23:52.972591+00:00	d390b780ce62fc511577166de96f05941b1a6f586a48b76255910e77e0d40959	443653
https://help.e8markets.com/en/	e8/2026-08-22-help-index.html	2026-08-22T10:23:53.633868+00:00	fe02af332618845ba8890f760a6a03b528535b9c1f90ae1b374d2d8c95751342	75969
https://www.e8markets.com/e8-one	e8/2026-08-22-e8-one.html	2026-08-22T10:23:53.876702+00:00	2684b40f4ddeb77eabf9d28d2bc87122a54868210b3e9f4570cdc8c9c8549303	166690
